object_in_context,subject_geographical,subject_geographical2,subject_geographical 3,subject_geographical 4,subject_topical 4,subject_topical 5,abstract 1,abstract 2,item_type,date,title,form,rights,name,role,collection,collection_identifier,repository,genre,project_title,thumbnail,oai_identifier,identifier 1,issn
http://digital.lib.utk.edu/collections/islandora/object/kintner%3A11,Great Smoky Mountains National Park (N.C. and Tenn.)--Pictorial works., , ,,,,Ethel and I hiked up to Bunker Hill FireTower?The middle panorama is looking south east at the Smokies?,"Panorama taken looking Southeast from Bunker Hill Fire Tower, which no longer exists.",image,"November 8, 1969",Panorama from Bunker Hill Fire Tower,photographs,Images in the collection are protected by copyright. Contact smokies@utk.edu for permission to reproduce images from the collection.," 	Kintner, Elgin P.",Photographer,"Elgin P. Kintner, M.D. Smoky Mountains Collection, 1950-2011",MS.3686,"University of Tennessee, Knoxville. Special Collections","Photography, Panoramic.","The panoramic images of Elgin P. Kintner, M.D.",http://digital.lib.utk.edu/collections/islandora/object/kintner%3A11/datastream/TN/view/Panorama%20from%20Bunker%20Hill%20Fire%20Tower.jpg,kintner_11,kintner:11,2041-2042
http://digital.lib.utk.edu/collections/islandora/object/kintner%3A30,Great Smoky Mountains National Park (N.C. and Tenn.)--Pictorial works.,"LeConte, Mount (Tenn.)", ,,,,"Thermal inversion, 40 below and 55 on top, looking toward Le Conte.",,image,"December 26, 1974",Looking toward Mount Le Conte,photographs,Images in the collection are protected by copyright. Contact smokies@utk.edu for permission to reproduce images from the collection.," 	Kintner, Elgin P.",Photographer,"Elgin P. Kintner, M.D. Smoky Mountains Collection, 1950-2011",MS.3686,"University of Tennessee, Knoxville. Special Collections","Photography, Panoramic.","The panoramic images of Elgin P. Kintner, M.D.",http://digital.lib.utk.edu/collections/islandora/object/kintner%3A30/datastream/TN/view/Looking%20toward%20Mount%20Le%20Conte.jpg,kintner_30,kintner:30,6994-6995
http://digital.lib.utk.edu/collections/islandora/object/kintner%3A20,Great Smoky Mountains National Park (N.C. and Tenn.)--Pictorial works., , , , ,,view from High Rocks.,"Panorama taken looking North from High Rocks Fire Tower, which was removed in the 1980s, viewing Thunderhead of left,  with Silers Bald and The Narrows on right.",image,February 1973,View from High Rocks,photographs,Images in the collection are protected by copyright. Contact smokies@utk.edu for permission to reproduce images from the collection.," 	Kintner, Elgin P.",Photographer,"Elgin P. Kintner, M.D. Smoky Mountains Collection, 1950-2011",MS.3686,"University of Tennessee, Knoxville. Special Collections","Photography, Panoramic.","The panoramic images of Elgin P. Kintner, M.D.",http://digital.lib.utk.edu/collections/islandora/object/kintner%3A20/datastream/TN/view/View%20from%20High%20Rocks.jpg,kintner_20,kintner:20,5123-5129
http://digital.lib.utk.edu/collections/islandora/object/kintner%3A50,Great Smoky Mountains National Park (N.C. and Tenn.)--Pictorial works.,,,,,,"Unicoi Mountain Range from bald near Farr Gap / ""18 Dec 1976 hiked up Little Slickrock to Little Shuckstack and down Slickrock Creek""",Part of 5 picture panorama viewing Unicoi Mountain Range from a bald near Farr Gap.,image,1976 December 18,Unicoi Mountain Range,photographs,Images in the collection are protected by copyright. Contact smokies@utk.edu for permission to reproduce images from the collection.," 	Kintner, Elgin P.",Photographer,"Elgin P. Kintner, M.D. Smoky Mountains Collection, 1950-2011",MS.3686,"University of Tennessee, Knoxville. Special Collections","Photography, Panoramic.","The panoramic images of Elgin P. Kintner, M.D.",http://digital.lib.utk.edu/collections/islandora/object/kintner%3A50/datastream/TN/view/Unicoi%20Mountain%20Range.jpg,kintner_50,kintner:50,9303-9305
http://digital.lib.utk.edu/collections/islandora/object/kintner%3A53,Great Smoky Mountains National Park (N.C. and Tenn.)--Pictorial works., , ,,,,"The Big Pool before ascending the ridge / ""Laborday, 5 Sep 1977, on my 60th birthday we hiked up Raven Fork and Breakneck Ridge. The sun was just hitting the top along Straight Fork as we got to our trailhead.""",,image,1977 September 05,The Big Pool,photographs,Images in the collection are protected by copyright. Contact smokies@utk.edu for permission to reproduce images from the collection.," 	Kintner, Elgin P.",Photographer,"Elgin P. Kintner, M.D. Smoky Mountains Collection, 1950-2011",MS.3686,"University of Tennessee, Knoxville. Special Collections","Photography, Panoramic.","The panoramic images of Elgin P. Kintner, M.D.",http://digital.lib.utk.edu/collections/islandora/object/kintner%3A53/datastream/TN/view/The%20Big%20Pool.jpg,kintner_53,kintner:53,9991-9992
http://digital.lib.utk.edu/collections/islandora/object/kintner%3A27,Great Smoky Mountains National Park (N.C. and Tenn.)--Pictorial works., 	Fontana Lake (N.C.), , ,,,Hike to Shuckstack where there was a little frost.,"View of Lake Fontana taken looking Southeast from Shuckstack Fire Tower, which is still standing.",image,"February 23, 1974",Panorama of Lake Fontana ? Annotated,photographs,Images in the collection are protected by copyright. Contact smokies@utk.edu for permission to reproduce images from the collection.," 	Kintner, Elgin P.",Photographer,"Elgin P. Kintner, M.D. Smoky Mountains Collection, 1950-2011",MS.3686,"University of Tennessee, Knoxville. Special Collections","Photography, Panoramic.","The panoramic images of Elgin P. Kintner, M.D.",http://digital.lib.utk.edu/collections/islandora/object/kintner%3A27/datastream/TN/view/Panorama%20of%20Lake%20Fontana%20%C2%96%20Annotated.jpg,kintner_27,kintner:27,6265-6267-annotated
http://digital.lib.utk.edu/collections/islandora/object/kintner%3A37,Great Smoky Mountains National Park (N.C. and Tenn.)--Pictorial works., , , , , ,"From Richland Mtn to the east, Guyot in distance",View looking Northeast from Richland Mountains with The Sawteeth on left and Pecks Corner on right.,image,1975 July 23,View from Richland Mountain ? Annotated,photographs,Images in the collection are protected by copyright. Contact smokies@utk.edu for permission to reproduce images from the collection.," 	Kintner, Elgin P.",Photographer,"Elgin P. Kintner, M.D. Smoky Mountains Collection, 1950-2011",MS.3686,"University of Tennessee, Knoxville. Special Collections","Photography, Panoramic.","The panoramic images of Elgin P. Kintner, M.D.",http://digital.lib.utk.edu/collections/islandora/object/kintner%3A37/datastream/TN/view/View%20from%20Richland%20Mountain%20%C2%96%20Annotated.jpg,kintner_37,kintner:37,7744-7745-annotated
http://digital.lib.utk.edu/collections/islandora/object/kintner%3A51,Great Smoky Mountains National Park (N.C. and Tenn.)--Pictorial works.,,,,,,"Then as we looked to the north we saw the rest Slickrock valley and Chilhowees in distance. / ""9 Apr 1977?""",,image,1977 April 09,Silkrock Valley and Chilhowees,photographs,Images in the collection are protected by copyright. Contact smokies@utk.edu for permission to reproduce images from the collection.," 	Kintner, Elgin P.",Photographer,"Elgin P. Kintner, M.D. Smoky Mountains Collection, 1950-2011",MS.3686,"University of Tennessee, Knoxville. Special Collections","Photography, Panoramic.","The panoramic images of Elgin P. Kintner, M.D.",http://digital.lib.utk.edu/collections/islandora/object/kintner%3A51/datastream/TN/view/Silkrock%20Valley%20and%20Chilhowees.jpg,kintner_51,kintner:51,9630-9632
http://digital.lib.utk.edu/collections/islandora/object/kintner%3A28,Great Smoky Mountains National Park (N.C. and Tenn.)--Pictorial works.,Fontana Lake (N.C.), ,,,,Hike to Shuckstack where there was a little frost.,"View of Lake Fontana taken looking Southeast from Shuckstack Fire Tower, which is still standing.",image,"February 23, 1974",Panorama of Lake Fontana,photographs,Images in the collection are protected by copyright. Contact smokies@utk.edu for permission to reproduce images from the collection.," 	Kintner, Elgin P.",Photographer,"Elgin P. Kintner, M.D. Smoky Mountains Collection, 1950-2011",MS.3686,"University of Tennessee, Knoxville. Special Collections","Photography, Panoramic.","The panoramic images of Elgin P. Kintner, M.D.",http://digital.lib.utk.edu/collections/islandora/object/kintner%3A28/datastream/TN/view/Panorama%20of%20Lake%20Fontana.jpg,kintner_28,kintner:28,6265-6267
http://digital.lib.utk.edu/collections/islandora/object/kintner%3A54,Great Smoky Mountains National Park (N.C. and Tenn.)--Pictorial works.,,,,,,uncaptioned,Panorama taken from an unidentified fire tower.,image,circa 1968,Panorama taken from an unidentified fire tower,photographs,Images in the collection are protected by copyright. Contact smokies@utk.edu for permission to reproduce images from the collection.," 	Kintner, Elgin P.",Photographer,"Elgin P. Kintner, M.D. Smoky Mountains Collection, 1950-2011",MS.3686,"University of Tennessee, Knoxville. Special Collections","Photography, Panoramic.","The panoramic images of Elgin P. Kintner, M.D.",http://digital.lib.utk.edu/collections/islandora/object/kintner%3A54/datastream/TN/view/Panorama%20taken%20from%20an%20unidentified%20fire%20tower.jpg,kintner_54,kintner:54,1349-1351
http://digital.lib.utk.edu/collections/islandora/object/kintner%3A39,Great Smoky Mountains National Park (N.C. and Tenn.)--Pictorial works.,Fontana Lake (N.C.), ,,,,"From High Rocks to Fontana Lake / ""30 Jul hiked from Forney Creek back to dam.""",,image,1975 July 30,View from High Rocks to Fontana Lake,photographs,Images in the collection are protected by copyright. Contact smokies@utk.edu for permission to reproduce images from the collection.," 	Kintner, Elgin P.",Photographer,"Elgin P. Kintner, M.D. Smoky Mountains Collection, 1950-2011",MS.3686,"University of Tennessee, Knoxville. Special Collections","Photography, Panoramic.","The panoramic images of Elgin P. Kintner, M.D.",http://digital.lib.utk.edu/collections/islandora/object/kintner%3A39/datastream/TN/view/View%20from%20High%20Rocks%20to%20Fontana%20Lake.jpg,kintner_39,kintner:39,7764-7765
http://digital.lib.utk.edu/collections/islandora/object/kintner%3A21,Great Smoky Mountains National Park (N.C. and Tenn.)--Pictorial works.,, ,,,,uncaptioned,View from High Rocks,image,February 1973,View from High Rocks,photographs,Images in the collection are protected by copyright. Contact smokies@utk.edu for permission to reproduce images from the collection.," 	Kintner, Elgin P.",Photographer,"Elgin P. Kintner, M.D. Smoky Mountains Collection, 1950-2011",MS.3686,"University of Tennessee, Knoxville. Special Collections","Photography, Panoramic.","The panoramic images of Elgin P. Kintner, M.D.",http://digital.lib.utk.edu/collections/islandora/object/kintner%3A21/datastream/TN/view/View%20from%20High%20Rocks.jpg,kintner_21,kintner:21,5130-5135
http://digital.lib.utk.edu/collections/islandora/object/kintner%3A52,Great Smoky Mountains National Park (N.C. and Tenn.)--Pictorial works.,, ,,,,"On Happy Valley road near Foothill Pkw / ""14 May 1977 L Webb, R Collins, M Stevenson on trail to Stratton Bald from Joyce Kilmer""",,image,1977 May 14,Happy Valley Road near the Foothills Parkway,photographs,Images in the collection are protected by copyright. Contact smokies@utk.edu for permission to reproduce images from the collection.," 	Kintner, Elgin P.",Photographer,"Elgin P. Kintner, M.D. Smoky Mountains Collection, 1950-2011",MS.3686,"University of Tennessee, Knoxville. Special Collections","Photography, Panoramic.","The panoramic images of Elgin P. Kintner, M.D.",http://digital.lib.utk.edu/collections/islandora/object/kintner%3A52/datastream/TN/view/Happy%20Valley%20Road%20near%20the%20Foothills%20Parkway.jpg,kintner_52,kintner:52,9728-9729
http://digital.lib.utk.edu/collections/islandora/object/kintner%3A10,Great Smoky Mountains National Park (N.C. and Tenn.)--Pictorial works., , , ,,,uncaptioned,Panorama taken looking East from the Rich Mountain Fire Tower with Sugarland Mountain on left and Cold Spring Knob on right. The fire tower is no longer standing.,image,"February 5, 1969",View from Rich Mountain,photographs,Images in the collection are protected by copyright. Contact smokies@utk.edu for permission to reproduce images from the collection.," 	Kintner, Elgin P.",Photographer,"Elgin P. Kintner, M.D. Smoky Mountains Collection, 1950-2011",MS.3686,"University of Tennessee, Knoxville. Special Collections","Photography, Panoramic.","The panoramic images of Elgin P. Kintner, M.D.",http://digital.lib.utk.edu/collections/islandora/object/kintner%3A10/datastream/TN/view/View%20from%20Rich%20Mountain.jpg,kintner_10,kintner:10,1552-1553
http://digital.lib.utk.edu/collections/islandora/object/kintner%3A16,Great Smoky Mountains National Park (N.C. and Tenn.)--Pictorial works.,Townsend (Tenn.), , ,,,From Cove Mountain Looking Southwest: Round Top and Townsend.,,image,"February 20, 1972",Looking Southwest from Cove Mountain,photographs,Images in the collection are protected by copyright. Contact smokies@utk.edu for permission to reproduce images from the collection.," 	Kintner, Elgin P.",Photographer,"Elgin P. Kintner, M.D. Smoky Mountains Collection, 1950-2011",MS.3686,"University of Tennessee, Knoxville. Special Collections","Photography, Panoramic.","The panoramic images of Elgin P. Kintner, M.D.",http://digital.lib.utk.edu/collections/islandora/object/kintner%3A16/datastream/TN/view/Looking%20Southwest%20from%20Cove%20Mountain.jpg,kintner_16,kintner:16,3727-3729
http://digital.lib.utk.edu/collections/islandora/object/kintner%3A15,Great Smoky Mountains National Park (N.C. and Tenn.)--Pictorial works.,Clingmans Dome (N.C. and Tenn.), , , ,,"From Cove Mountain Looking Southeast: Mt Collins, Clingmans Dome, and Mt Buckley.","Panorama taken looking Southeast from the Cove Mountain Fire Tower, which is still standing. Sugarland Mountain is in the middleground on the left with Bent Arm on the right.",image,"February 20, 1972",Looking Southeast from Cove Mountain,photographs,Images in the collection are protected by copyright. Contact smokies@utk.edu for permission to reproduce images from the collection.," 	Kintner, Elgin P.",Photographer,"Elgin P. Kintner, M.D. Smoky Mountains Collection, 1950-2011",MS.3686,"University of Tennessee, Knoxville. Special Collections","Photography, Panoramic.","The panoramic images of Elgin P. Kintner, M.D.",http://digital.lib.utk.edu/collections/islandora/object/kintner%3A15/datastream/TN/view/Looking%20Southeast%20from%20Cove%20Mountain.jpg,kintner_15,kintner:15,3714-3715
http://digital.lib.utk.edu/collections/islandora/object/kintner%3A46,Great Smoky Mountains National Park (N.C. and Tenn.)--Pictorial works.,Bryson City (N.C.),"Deep Creek (Swain County, N.C.)", ,,,"Bryson City area from Noland Divide / ""On 6 Dec 1975 hiked Deep Creek & Noland Divide""",,image,1975 December 06,View of Bryson City from Noland Divide,photographs,Images in the collection are protected by copyright. Contact smokies@utk.edu for permission to reproduce images from the collection.," 	Kintner, Elgin P.",Photographer,"Elgin P. Kintner, M.D. Smoky Mountains Collection, 1950-2011",MS.3686,"University of Tennessee, Knoxville. Special Collections","Photography, Panoramic.","The panoramic images of Elgin P. Kintner, M.D.",http://digital.lib.utk.edu/collections/islandora/object/kintner%3A46/datastream/TN/view/View%20of%20Bryson%20City%20from%20Noland%20Divide.jpg,kintner_46,kintner:46,8186-8187
http://digital.lib.utk.edu/collections/islandora/object/kintner%3A42,Great Smoky Mountains National Park (N.C. and Tenn.)--Pictorial works.,"LeConte, Mount (Tenn.)", , , , ,"From Spruce Mtn tower looking to NW; LeConte, Porter Gap, Sequoyah, Chapman, Guyot - old Black",Panorama taken looking Northeast from the Spruce Mountain Fire Tower with Laurel Top at left and Old Black at right. Spruce Mountain Fire Tower is no longer standing.,image,1975 September 9,View from Spruce Mountain Tower ? Annotated,photographs,Images in the collection are protected by copyright. Contact smokies@utk.edu for permission to reproduce images from the collection.," 	Kintner, Elgin P.",Photographer,"Elgin P. Kintner, M.D. Smoky Mountains Collection, 1950-2011",MS.3686,"University of Tennessee, Knoxville. Special Collections","Photography, Panoramic.","The panoramic images of Elgin P. Kintner, M.D.",http://digital.lib.utk.edu/collections/islandora/object/kintner%3A42/datastream/TN/view/View%20from%20Spruce%20Mountain%20Tower%20%C2%96%20Annotated.jpg,kintner_42,kintner:42,7893-7894-annotated
http://digital.lib.utk.edu/collections/islandora/object/kintner%3A2,Great Smoky Mountains National Park (N.C. and Tenn.)--Pictorial works.,Sun--Rising and setting--Pictorial works,,,,,uncaptioned,Sunrise or Sunset in the Smokies,image,July 1968,Sunrise or Sunset in the Smokies,photographs,Images in the collection are protected by copyright. Contact smokies@utk.edu for permission to reproduce images from the collection.," 	Kintner, Elgin P.",Photographer,"Elgin P. Kintner, M.D. Smoky Mountains Collection, 1950-2011",MS.3686,"University of Tennessee, Knoxville. Special Collections","Photography, Panoramic.","The panoramic images of Elgin P. Kintner, M.D.",http://digital.lib.utk.edu/collections/islandora/object/kintner%3A2/datastream/TN/view/Sunrise%20or%20Sunset%20in%20the%20Smokies.jpg,kintner_2,kintner:2,1118-1120
http://digital.lib.utk.edu/collections/islandora/object/kintner%3A12,Great Smoky Mountains National Park (N.C. and Tenn.)--Pictorial works.,"LeConte, Mount (Tenn.)", , , , ,"From Cove Mountain Looking Southeast: Mt Le Conte, Bull Head, Newfound Gap, and Mt Mingus.","Panorama taken looking Southeast from the Cove Mountain Fire Tower, which is still standing, viewing Rocky Spur on the left and Mount Mingus on the right.",image,"February 20, 1972",Looking Southeast from Cove Mountain ? Annotated,photographs,Images in the collection are protected by copyright. Contact smokies@utk.edu for permission to reproduce images from the collection.," 	Kintner, Elgin P.",Photographer,"Elgin P. Kintner, M.D. Smoky Mountains Collection, 1950-2011",MS.3686,"University of Tennessee, Knoxville. Special Collections","Photography, Panoramic.","The panoramic images of Elgin P. Kintner, M.D.",http://digital.lib.utk.edu/collections/islandora/object/kintner%3A12/datastream/TN/view/Looking%20Southeast%20from%20Cove%20Mountain%20%C2%96%20Annotated.jpg,kintner_12,kintner:12,3711-3713-annotated
http://digital.lib.utk.edu/collections/islandora/object/kintner%3A22,Great Smoky Mountains National Park (N.C. and Tenn.)--Pictorial works.,, ,,,,uncaptioned,,image,February 1973,View from High Rocks,photographs,Images in the collection are protected by copyright. Contact smokies@utk.edu for permission to reproduce images from the collection.," 	Kintner, Elgin P.",Photographer,"Elgin P. Kintner, M.D. Smoky Mountains Collection, 1950-2011",MS.3686,"University of Tennessee, Knoxville. Special Collections","Photography, Panoramic.","The panoramic images of Elgin P. Kintner, M.D.",http://digital.lib.utk.edu/collections/islandora/object/kintner%3A22/datastream/TN/view/View%20from%20High%20Rocks.jpg,kintner_22,kintner:22,5137-5138
http://digital.lib.utk.edu/collections/islandora/object/kintner%3A13,Great Smoky Mountains National Park (N.C. and Tenn.)--Pictorial works.,"LeConte, Mount (Tenn.)", , , , ,"From Cove Mountain Looking Southeast: Mt Le Conte, Bull Head, Newfound Gap, and Mt Mingus.","Panorama taken looking Southeast from the Cove Mountain Fire Tower, which is still standing, viewing Rocky Spur on the left and Mount Mingus on the right.",image,"February 20, 1972",Looking Southeast from Cove Mountain,photographs,Images in the collection are protected by copyright. Contact smokies@utk.edu for permission to reproduce images from the collection.," 	Kintner, Elgin P.",Photographer,"Elgin P. Kintner, M.D. Smoky Mountains Collection, 1950-2011",MS.3686,"University of Tennessee, Knoxville. Special Collections","Photography, Panoramic.","The panoramic images of Elgin P. Kintner, M.D.",http://digital.lib.utk.edu/collections/islandora/object/kintner%3A13/datastream/TN/view/Looking%20Southeast%20from%20Cove%20Mountain.jpg,kintner_13,kintner:13,3711-3713
http://digital.lib.utk.edu/collections/islandora/object/kintner%3A41,Great Smoky Mountains National Park (N.C. and Tenn.)--Pictorial works.,Fontana Village (N.C.), ,,,,"Fontana Village from Shuckstack / ""30 Jul?""",,image,1975 July 30,View of Fontana Village,photographs,Images in the collection are protected by copyright. Contact smokies@utk.edu for permission to reproduce images from the collection.," 	Kintner, Elgin P.",Photographer,"Elgin P. Kintner, M.D. Smoky Mountains Collection, 1950-2011",MS.3686,"University of Tennessee, Knoxville. Special Collections","Photography, Panoramic.","The panoramic images of Elgin P. Kintner, M.D.",http://digital.lib.utk.edu/collections/islandora/object/kintner%3A41/datastream/TN/view/View%20of%20Fontana%20Village.jpg,kintner_41,kintner:41,7782-7783
http://digital.lib.utk.edu/collections/islandora/object/kintner%3A40,Great Smoky Mountains National Park (N.C. and Tenn.)--Pictorial works.,Fontana Lake (N.C.), ,,,,Panorama: From High Rocks to Fontana Lake,,image,1975 July 30,Panorama from High Rocks to Fontana Lake,photographs,Images in the collection are protected by copyright. Contact smokies@utk.edu for permission to reproduce images from the collection.," 	Kintner, Elgin P.",Photographer,"Elgin P. Kintner, M.D. Smoky Mountains Collection, 1950-2011",MS.3686,"University of Tennessee, Knoxville. Special Collections","Photography, Panoramic.","The panoramic images of Elgin P. Kintner, M.D.",http://digital.lib.utk.edu/collections/islandora/object/kintner%3A40/datastream/TN/view/Panorama%20from%20High%20Rocks%20to%20Fontana%20Lake.jpg,kintner_40,kintner:40,7768-7769
http://digital.lib.utk.edu/collections/islandora/object/kintner%3A19,Great Smoky Mountains National Park (N.C. and Tenn.)--Pictorial works., , , , , ,view from High Rocks.,"Panorama taken looking North from High Rocks Fire Tower, which was removed in the 1980s, viewing Thunderhead of left,  with Silers Bald and The Narrows on right.",image,February 1973,View from High Rocks ? Annotated,photographs,Images in the collection are protected by copyright. Contact smokies@utk.edu for permission to reproduce images from the collection.," 	Kintner, Elgin P.",Photographer,"Elgin P. Kintner, M.D. Smoky Mountains Collection, 1950-2011",MS.3686,"University of Tennessee, Knoxville. Special Collections","Photography, Panoramic.","The panoramic images of Elgin P. Kintner, M.D.",http://digital.lib.utk.edu/collections/islandora/object/kintner%3A19/datastream/TN/view/View%20from%20High%20Rocks%20%C2%96%20Annotated.jpg,kintner_19,kintner:19,5123-5129-annotated
http://digital.lib.utk.edu/collections/islandora/object/kintner%3A56,Great Smoky Mountains National Park (N.C. and Tenn.)--Pictorial works., , ,,,,Telephoto shot of Parson Bald from Gregory,Two frame telephoto panorama with a view of Parson Bald from Gregory Bald.,image,1974 December 10,Telephoto shot of Parson Bald,photographs,Images in the collection are protected by copyright. Contact smokies@utk.edu for permission to reproduce images from the collection.," 	Kintner, Elgin P.",Photographer,"Elgin P. Kintner, M.D. Smoky Mountains Collection, 1950-2011",MS.3686,"University of Tennessee, Knoxville. Special Collections","Photography, Panoramic.","The panoramic images of Elgin P. Kintner, M.D.",http://digital.lib.utk.edu/collections/islandora/object/kintner%3A56/datastream/TN/view/Telephoto%20shot%20of%20Parson%20Bald.jpg,kintner_56,kintner:56,6949-6950
http://digital.lib.utk.edu/collections/islandora/object/kintner%3A33,Great Smoky Mountains National Park (N.C. and Tenn.)--Pictorial works.,Cades Cove (Tenn.), ,,,,uncaptioned,Panorama of Cades Cove from Rich Mountain.,image,"between January 9 and April 26, 1975",View of Cades Cove,photographs,Images in the collection are protected by copyright. Contact smokies@utk.edu for permission to reproduce images from the collection.," 	Kintner, Elgin P.",Photographer,"Elgin P. Kintner, M.D. Smoky Mountains Collection, 1950-2011",MS.3686,"University of Tennessee, Knoxville. Special Collections","Photography, Panoramic.","The panoramic images of Elgin P. Kintner, M.D.",http://digital.lib.utk.edu/collections/islandora/object/kintner%3A33/datastream/TN/view/View%20of%20Cades%20Cove.jpg,kintner_33,kintner:33,7255-7256
http://digital.lib.utk.edu/collections/islandora/object/kintner%3A5,Great Smoky Mountains National Park (N.C. and Tenn.)--Pictorial works.,Clingmans Dome (N.C. and Tenn.), ,,,,"We had lunch on top of Hangover.  You can see Clingmans Dome, 30 miles away!",,image,February 1981,On top of the Hangover,photographs,Images in the collection are protected by copyright. Contact smokies@utk.edu for permission to reproduce images from the collection.," 	Kintner, Elgin P.",Photographer,"Elgin P. Kintner, M.D. Smoky Mountains Collection, 1950-2011",MS.3686,"University of Tennessee, Knoxville. Special Collections","Photography, Panoramic.","The panoramic images of Elgin P. Kintner, M.D.",http://digital.lib.utk.edu/collections/islandora/object/kintner%3A5/datastream/TN/view/On%20top%20of%20the%20Hangover.jpg,kintner_5,kintner:5,1357-1358
http://digital.lib.utk.edu/collections/islandora/object/kintner%3A23,Great Smoky Mountains National Park (N.C. and Tenn.)--Pictorial works.,, ,,,,uncaptioned,View from High Rocks,image,February 1973,View from High Rocks,photographs,Images in the collection are protected by copyright. Contact smokies@utk.edu for permission to reproduce images from the collection.," 	Kintner, Elgin P.",Photographer,"Elgin P. Kintner, M.D. Smoky Mountains Collection, 1950-2011",MS.3686,"University of Tennessee, Knoxville. Special Collections","Photography, Panoramic.","The panoramic images of Elgin P. Kintner, M.D.",http://digital.lib.utk.edu/collections/islandora/object/kintner%3A23/datastream/TN/view/View%20from%20High%20Rocks.jpg,kintner_23,kintner:23,5139-5140
http://digital.lib.utk.edu/collections/islandora/object/kintner%3A25,Great Smoky Mountains National Park (N.C. and Tenn.)--Pictorial works.,Fontana Lake (N.C.), , ,,,Hike to Shuckstack where there was a little frost.,Panorama taken looking West from the Shuckstack Fire Tower of the Little Shuckstack and Lake Fontana to the right.,image,"February 23, 1974",View of Little Shuckstack,photographs,Images in the collection are protected by copyright. Contact smokies@utk.edu for permission to reproduce images from the collection.," 	Kintner, Elgin P.",Photographer,"Elgin P. Kintner, M.D. Smoky Mountains Collection, 1950-2011",MS.3686,"University of Tennessee, Knoxville. Special Collections","Photography, Panoramic.","The panoramic images of Elgin P. Kintner, M.D.",http://digital.lib.utk.edu/collections/islandora/object/kintner%3A25/datastream/TN/view/View%20of%20Little%20Shuckstack.jpg,kintner_25,kintner:25,6255-6257
http://digital.lib.utk.edu/collections/islandora/object/kintner%3A35,Great Smoky Mountains National Park (N.C. and Tenn.)--Pictorial works.,Appalachian Trail, , , , ,A view of the AT to the east from Jumpoff,View looking East from the Jump-Off on Mount Kephart looking at Porters Mountain on left and Richland Mountain on right.,image,1975 July 23,View of the Appalachian Trail ? Annotated,photographs,Images in the collection are protected by copyright. Contact smokies@utk.edu for permission to reproduce images from the collection.," 	Kintner, Elgin P.",Photographer,"Elgin P. Kintner, M.D. Smoky Mountains Collection, 1950-2011",MS.3686,"University of Tennessee, Knoxville. Special Collections","Photography, Panoramic.","The panoramic images of Elgin P. Kintner, M.D.",http://digital.lib.utk.edu/collections/islandora/object/kintner%3A35/datastream/TN/view/View%20of%20the%20Appalachian%20Trail%20%C2%96%20Annotated.jpg,kintner_35,kintner:35,7731-7732-annotated
http://digital.lib.utk.edu/collections/islandora/object/kintner%3A57,Great Smoky Mountains National Park (N.C. and Tenn.)--Pictorial works., , ,,,,Telephoto shot of Parson Bald from Gregory,Two frame telephoto panorama with a view of Parson Bald from Gregory Bald.,image,1974 December 10,Telephoto shot of Parson Bald,photographs,Images in the collection are protected by copyright. Contact smokies@utk.edu for permission to reproduce images from the collection.," 	Kintner, Elgin P.",Photographer,"Elgin P. Kintner, M.D. Smoky Mountains Collection, 1950-2011",MS.3686,"University of Tennessee, Knoxville. Special Collections","Photography, Panoramic.","The panoramic images of Elgin P. Kintner, M.D.",http://digital.lib.utk.edu/collections/islandora/object/kintner%3A57/datastream/TN/view/Telephoto%20shot%20of%20Parson%20Bald.jpg,kintner_57,kintner:57,6949-6951
http://digital.lib.utk.edu/collections/islandora/object/kintner%3A31,Great Smoky Mountains National Park (N.C. and Tenn.)--Pictorial works.,, ,,,,uncaptioned,View from Spence Field.,image,circa January 1975,View from Spence Field,photographs,Images in the collection are protected by copyright. Contact smokies@utk.edu for permission to reproduce images from the collection.," 	Kintner, Elgin P.",Photographer,"Elgin P. Kintner, M.D. Smoky Mountains Collection, 1950-2011",MS.3686,"University of Tennessee, Knoxville. Special Collections","Photography, Panoramic.","The panoramic images of Elgin P. Kintner, M.D.",http://digital.lib.utk.edu/collections/islandora/object/kintner%3A31/datastream/TN/view/View%20from%20Spence%20Field.jpg,kintner_31,kintner:31,7110-7111
http://digital.lib.utk.edu/collections/islandora/object/kintner%3A36,Great Smoky Mountains National Park (N.C. and Tenn.)--Pictorial works.,Appalachian Trail, , , , ,A view of the AT to the east from Jumpoff,View looking East from the Jump-Off on Mount Kephart looking at Porters Mountain on left and Richland Mountain on right.,image,1975 July 23,View of the Appalachian Trail,photographs,Images in the collection are protected by copyright. Contact smokies@utk.edu for permission to reproduce images from the collection.," 	Kintner, Elgin P.",Photographer,"Elgin P. Kintner, M.D. Smoky Mountains Collection, 1950-2011",MS.3686,"University of Tennessee, Knoxville. Special Collections","Photography, Panoramic.","The panoramic images of Elgin P. Kintner, M.D.",http://digital.lib.utk.edu/collections/islandora/object/kintner%3A36/datastream/TN/view/View%20of%20the%20Appalachian%20Trail.jpg,kintner_36,kintner:36,7731-7732
http://digital.lib.utk.edu/collections/islandora/object/kintner%3A18,Great Smoky Mountains National Park (N.C. and Tenn.)--Pictorial works.,Clingmans Dome (N.C. and Tenn.), , ,,,view from High Rocks.,"Panorama taken looking North from High Rocks Fire tower, which was removed in the 1980s, viewing Thunderhead on left and Clingmans Dome on right.",image,February 1973,View of Thunderhead and Clingmans Dome from High Rocks,photographs,Images in the collection are protected by copyright. Contact smokies@utk.edu for permission to reproduce images from the collection.," 	Kintner, Elgin P.",Photographer,"Elgin P. Kintner, M.D. Smoky Mountains Collection, 1950-2011",MS.3686,"University of Tennessee, Knoxville. Special Collections","Photography, Panoramic.","The panoramic images of Elgin P. Kintner, M.D.",http://digital.lib.utk.edu/collections/islandora/object/kintner%3A18/datastream/TN/view/View%20of%20Thunderhead%20and%20Clingmans%20Dome%20from%20High%20Rocks.jpg,kintner_18,kintner:18,5113-5117
http://digital.lib.utk.edu/collections/islandora/object/kintner%3A34,Great Smoky Mountains National Park (N.C. and Tenn.)--Pictorial works.,Appalachian Trail, ,,,,"Early morning on Kephart Prong / ""23 Jul 1975, Kephart Pr Sweat Heifer, AT, Richland Mtn, Grassy Br.""",,image,1975 July 23,Early morning on Kephart Prong,photographs,Images in the collection are protected by copyright. Contact smokies@utk.edu for permission to reproduce images from the collection.," 	Kintner, Elgin P.",Photographer,"Elgin P. Kintner, M.D. Smoky Mountains Collection, 1950-2011",MS.3686,"University of Tennessee, Knoxville. Special Collections","Photography, Panoramic.","The panoramic images of Elgin P. Kintner, M.D.",http://digital.lib.utk.edu/collections/islandora/object/kintner%3A34/datastream/TN/view/Early%20morning%20on%20Kephart%20Prong.jpg,kintner_34,kintner:34,7721-7723
http://digital.lib.utk.edu/collections/islandora/object/kintner%3A26,Great Smoky Mountains National Park (N.C. and Tenn.)--Pictorial works., , ,,,,Hike to Shuckstack where there was a little frost.,"Panorama taken looking West from the Shuckstack Fire Tower, which is still standing.",image,"February 23, 1974",View of Little Shuckstack,photographs,Images in the collection are protected by copyright. Contact smokies@utk.edu for permission to reproduce images from the collection.," 	Kintner, Elgin P.",Photographer,"Elgin P. Kintner, M.D. Smoky Mountains Collection, 1950-2011",MS.3686,"University of Tennessee, Knoxville. Special Collections","Photography, Panoramic.","The panoramic images of Elgin P. Kintner, M.D.",http://digital.lib.utk.edu/collections/islandora/object/kintner%3A26/datastream/TN/view/View%20of%20Little%20Shuckstack.jpg,kintner_26,kintner:26,6257-6264
http://digital.lib.utk.edu/collections/islandora/object/kintner%3A8,Great Smoky Mountains National Park (N.C. and Tenn.)--Pictorial works.,Cades Cove (Tenn.), , , ,,uncaptioned,"Panorama taken looking South from the Rich Mountain Fire Tower, which no longer exists, viewing Cold Spring Knob on left, Gregory Bald on right, and Cades Cove below.",image,"circa February 5, 1969",View from Rich Mountain,photographs,Images in the collection are protected by copyright. Contact smokies@utk.edu for permission to reproduce images from the collection.," 	Kintner, Elgin P.",Photographer,"Elgin P. Kintner, M.D. Smoky Mountains Collection, 1950-2011",MS.3686,"University of Tennessee, Knoxville. Special Collections","Photography, Panoramic.","The panoramic images of Elgin P. Kintner, M.D.",http://digital.lib.utk.edu/collections/islandora/object/kintner%3A8/datastream/TN/view/View%20from%20Rich%20Mountain.jpg,kintner_8,kintner:8,1549-1550
http://digital.lib.utk.edu/collections/islandora/object/kintner%3A14,Great Smoky Mountains National Park (N.C. and Tenn.)--Pictorial works.,Clingmans Dome (N.C. and Tenn.), , , , ,"From Cove Mountain Looking Southeast: Mt Collins, Clingmans Dome, and Mt Buckley.","Panorama taken looking Southeast from the Cove Mountain Fire Tower, which is still standing. Sugarland Mountain is in the middleground on the left with Bent Arm on the right.",image,"February 20, 1972",Looking Southeast from Cove Mountain ? Annotated,photographs,Images in the collection are protected by copyright. Contact smokies@utk.edu for permission to reproduce images from the collection.," 	Kintner, Elgin P.",Photographer,"Elgin P. Kintner, M.D. Smoky Mountains Collection, 1950-2011",MS.3686,"University of Tennessee, Knoxville. Special Collections","Photography, Panoramic.","The panoramic images of Elgin P. Kintner, M.D.",http://digital.lib.utk.edu/collections/islandora/object/kintner%3A14/datastream/TN/view/Looking%20Southeast%20from%20Cove%20Mountain%20%C2%96%20Annotated.jpg,kintner_14,kintner:14,3714-3715-annotated
http://digital.lib.utk.edu/collections/islandora/object/kintner%3A3,Great Smoky Mountains National Park (N.C. and Tenn.)--Pictorial works.,,,,,,uncaptioned,Panorama taken from an unidentified fire tower,image,circa 1968,Panorama taken from an unidentified fire tower,photographs,Images in the collection are protected by copyright. Contact smokies@utk.edu for permission to reproduce images from the collection.," 	Kintner, Elgin P.",Photographer,"Elgin P. Kintner, M.D. Smoky Mountains Collection, 1950-2011",MS.3686,"University of Tennessee, Knoxville. Special Collections","Photography, Panoramic.","The panoramic images of Elgin P. Kintner, M.D.",http://digital.lib.utk.edu/collections/islandora/object/kintner%3A3/datastream/TN/view/Panorama%20taken%20from%20an%20unidentified%20fire%20tower.jpg,kintner_3,kintner:3,1352-1355
http://digital.lib.utk.edu/collections/islandora/object/kintner%3A47,Great Smoky Mountains National Park (N.C. and Tenn.)--Pictorial works.,Clingmans Dome (N.C. and Tenn.), ,,,,"Clingman's Dome from Thomas Divide Trail / ""9 Feb 1976 hiked Newton Bald, Thomas Divide""",,image,1976 February 9,View of Clingman's Dome from the Thomas Divide Trail,photographs,Images in the collection are protected by copyright. Contact smokies@utk.edu for permission to reproduce images from the collection.," 	Kintner, Elgin P.",Photographer,"Elgin P. Kintner, M.D. Smoky Mountains Collection, 1950-2011",MS.3686,"University of Tennessee, Knoxville. Special Collections","Photography, Panoramic.","The panoramic images of Elgin P. Kintner, M.D.",http://digital.lib.utk.edu/collections/islandora/object/kintner%3A47/datastream/TN/view/View%20of%20Clingman%27s%20Dome%20from%20the%20Thomas%20Divide%20Trail.jpg,kintner_47,kintner:47,8391-8392
http://digital.lib.utk.edu/collections/islandora/object/kintner%3A48,Great Smoky Mountains National Park (N.C. and Tenn.)--Pictorial works.,Cosby (Tenn.), , ,,,"""The valley we just came up"" / ""24 Feb 76 Cosby to Low Gap to Walnut Botm.""",,image,1976 February 24,"View of Walnut Bottom, Cosby,and  Low Gap",photographs,Images in the collection are protected by copyright. Contact smokies@utk.edu for permission to reproduce images from the collection.," 	Kintner, Elgin P.",Photographer,"Elgin P. Kintner, M.D. Smoky Mountains Collection, 1950-2011",MS.3686,"University of Tennessee, Knoxville. Special Collections","Photography, Panoramic.","The panoramic images of Elgin P. Kintner, M.D.",http://digital.lib.utk.edu/collections/islandora/object/kintner%3A48/datastream/TN/view/View%20of%20Walnut%20Bottom%2C%20Cosby%2Cand%20%20Low%20Gap.jpg,kintner_48,kintner:48,8840-8842
http://digital.lib.utk.edu/collections/islandora/object/kintner%3A4,Great Smoky Mountains National Park (N.C. and Tenn.)--Pictorial works.,,,,,,uncaptioned,Panorama taken from an unidentified fire tower,image,circa 1968,Panorama taken from an unidentified fire tower,photographs,Images in the collection are protected by copyright. Contact smokies@utk.edu for permission to reproduce images from the collection.," 	Kintner, Elgin P.",Photographer,"Elgin P. Kintner, M.D. Smoky Mountains Collection, 1950-2011",MS.3686,"University of Tennessee, Knoxville. Special Collections","Photography, Panoramic.","The panoramic images of Elgin P. Kintner, M.D.",http://digital.lib.utk.edu/collections/islandora/object/kintner%3A4/datastream/TN/view/Panorama%20taken%20from%20an%20unidentified%20fire%20tower.jpg,kintner_4,kintner:4,1356-1358
http://digital.lib.utk.edu/collections/islandora/object/kintner%3A6,Great Smoky Mountains National Park (N.C. and Tenn.)--Pictorial works.,,,,,,uncaptioned,View of Mount Chapman,image,circa Fall 1968,View of Mount Chapman,photographs,Images in the collection are protected by copyright. Contact smokies@utk.edu for permission to reproduce images from the collection.," 	Kintner, Elgin P.",Photographer,"Elgin P. Kintner, M.D. Smoky Mountains Collection, 1950-2011",MS.3686,"University of Tennessee, Knoxville. Special Collections","Photography, Panoramic.","The panoramic images of Elgin P. Kintner, M.D.",http://digital.lib.utk.edu/collections/islandora/object/kintner%3A6/datastream/TN/view/View%20of%20Mount%20Chapman.jpg,kintner_6,kintner:6,1404-1409
http://digital.lib.utk.edu/collections/islandora/object/kintner%3A7,Great Smoky Mountains National Park (N.C. and Tenn.)--Pictorial works.,Cades Cove (Tenn.), , , , ,uncaptioned,"Panorama taken looking South from the Rich Mountain Fire Tower, which no longer exists, viewing Cold Spring Knob on left, Gregory Bald on right, and Cades Cove below.",image,"circa February 5, 1969",View from Rich Mountain ? Annotated,photographs,Images in the collection are protected by copyright. Contact smokies@utk.edu for permission to reproduce images from the collection.," 	Kintner, Elgin P.",Photographer,"Elgin P. Kintner, M.D. Smoky Mountains Collection, 1950-2011",MS.3686,"University of Tennessee, Knoxville. Special Collections","Photography, Panoramic.","The panoramic images of Elgin P. Kintner, M.D.",http://digital.lib.utk.edu/collections/islandora/object/kintner%3A7/datastream/TN/view/View%20from%20Rich%20Mountain%20%C2%96%20Annotated.jpg,kintner_7,kintner:7,1549-1550-annotated
http://digital.lib.utk.edu/collections/islandora/object/kintner%3A45,Great Smoky Mountains National Park (N.C. and Tenn.)--Pictorial works.,Cades Cove (Tenn.), ,,,,"Cades Cove from loop Tr / ""1 Dec 1975 a loop trail hike of Rich Mountain""",,image,1975 December 01,Cades Cove Loop,photographs,Images in the collection are protected by copyright. Contact smokies@utk.edu for permission to reproduce images from the collection.," 	Kintner, Elgin P.",Photographer,"Elgin P. Kintner, M.D. Smoky Mountains Collection, 1950-2011",MS.3686,"University of Tennessee, Knoxville. Special Collections","Photography, Panoramic.","The panoramic images of Elgin P. Kintner, M.D.",http://digital.lib.utk.edu/collections/islandora/object/kintner%3A45/datastream/TN/view/Cades%20Cove%20Loop.jpg,kintner_45,kintner:45,8171-8172
http://digital.lib.utk.edu/collections/islandora/object/kintner%3A38,Great Smoky Mountains National Park (N.C. and Tenn.)--Pictorial works., , , , ,,"From Richland Mtn to the east, Guyot in distance",View looking Northeast from Richland Mountains with The Sawteeth on left and Pecks Corner on right.,image,1975 July 23,View from Richland Mountain,photographs,Images in the collection are protected by copyright. Contact smokies@utk.edu for permission to reproduce images from the collection.," 	Kintner, Elgin P.",Photographer,"Elgin P. Kintner, M.D. Smoky Mountains Collection, 1950-2011",MS.3686,"University of Tennessee, Knoxville. Special Collections","Photography, Panoramic.","The panoramic images of Elgin P. Kintner, M.D.",http://digital.lib.utk.edu/collections/islandora/object/kintner%3A38/datastream/TN/view/View%20from%20Richland%20Mountain.jpg,kintner_38,kintner:38,7744-7745
http://digital.lib.utk.edu/collections/islandora/object/kintner%3A43,Great Smoky Mountains National Park (N.C. and Tenn.)--Pictorial works.,"LeConte, Mount (Tenn.)", , , , ,"From Spruce Mtn tower looking to NW; LeConte, Porter Gap, Sequoyah, Chapman, Guyot - old Black",Panorama taken looking Northeast from the Spruce Mountain Fire Tower with Laurel Top at left and Old Black at right. Spruce Mountain Fire Tower is no longer standing.,image,1975 September 9,View from Spruce Mountain Tower,photographs,Images in the collection are protected by copyright. Contact smokies@utk.edu for permission to reproduce images from the collection.," 	Kintner, Elgin P.",Photographer,"Elgin P. Kintner, M.D. Smoky Mountains Collection, 1950-2011",MS.3686,"University of Tennessee, Knoxville. Special Collections","Photography, Panoramic.","The panoramic images of Elgin P. Kintner, M.D.",http://digital.lib.utk.edu/collections/islandora/object/kintner%3A43/datastream/TN/view/View%20from%20Spruce%20Mountain%20Tower.jpg,kintner_43,kintner:43,7893-7894
http://digital.lib.utk.edu/collections/islandora/object/kintner%3A49,Great Smoky Mountains National Park (N.C. and Tenn.)--Pictorial works.,, ,,,,"View from Hemphill bald. / 19 Jul 1976 W Brinegar and M Stevenson and I hiked from Paul's gap into Cataloochee valley.""",,image,1976 July 19,View from Hemphill bald,photographs,Images in the collection are protected by copyright. Contact smokies@utk.edu for permission to reproduce images from the collection.," 	Kintner, Elgin P.",Photographer,"Elgin P. Kintner, M.D. Smoky Mountains Collection, 1950-2011",MS.3686,"University of Tennessee, Knoxville. Special Collections","Photography, Panoramic.","The panoramic images of Elgin P. Kintner, M.D.",http://digital.lib.utk.edu/collections/islandora/object/kintner%3A49/datastream/TN/view/View%20from%20Hemphill%20bald.jpg,kintner_49,kintner:49,8841-8842
http://digital.lib.utk.edu/collections/islandora/object/kintner%3A24,Great Smoky Mountains National Park (N.C. and Tenn.)--Pictorial works.,, ,,,,uncaptioned,View from High Rocks,image,February 1973,View from High Rocks,photographs,Images in the collection are protected by copyright. Contact smokies@utk.edu for permission to reproduce images from the collection.," 	Kintner, Elgin P.",Photographer,"Elgin P. Kintner, M.D. Smoky Mountains Collection, 1950-2011",MS.3686,"University of Tennessee, Knoxville. Special Collections","Photography, Panoramic.","The panoramic images of Elgin P. Kintner, M.D.",http://digital.lib.utk.edu/collections/islandora/object/kintner%3A24/datastream/TN/view/View%20from%20High%20Rocks.jpg,kintner_24,kintner:24,5141-5143
http://digital.lib.utk.edu/collections/islandora/object/kintner%3A44,Great Smoky Mountains National Park (N.C. and Tenn.)--Pictorial works.,Welch Ridge,High Rocks,Silers Bald,Forney Ridge,,"(69) ""High Rocks and Welch Ridge south Silers Bald"" / ""On Oct 21?"" / (70) ""Forney Ridge in distance from Silers Bald"" / ""On Oct 21?""",,image,1975 Ocboter 21,High Rocks and Welch Ridge from south Silers Bald,photographs,Images in the collection are protected by copyright. Contact smokies@utk.edu for permission to reproduce images from the collection.," 	Kintner, Elgin P.",Photographer,"Elgin P. Kintner, M.D. Smoky Mountains Collection, 1950-2011",MS.3686,"University of Tennessee, Knoxville. Special Collections","Photography, Panoramic.","The panoramic images of Elgin P. Kintner, M.D.",http://digital.lib.utk.edu/collections/islandora/object/kintner%3A44/datastream/TN/view/High%20Rocks%20and%20Welch%20Ridge%20from%20south%20Silers%20Bald.jpg,kintner_44,kintner:44,8069-8070
http://digital.lib.utk.edu/collections/islandora/object/kintner%3A1,Great Smoky Mountains National Park (N.C. and Tenn.)--Pictorial works.,Newfound Gap,Myrtle Point,Clingmans Dome,Mount Le Conte,,"""This view greeted us on Myrtle Point. Newfound Gap on left center and Clingman's Dome on the right."" / ""On 28 Sep 1977 we drove to Newfound Gap with low clouds hanging over Mt Leconte.""",,image,1977 September 28,View from Myrtle Point,photographs,Images in the collection are protected by copyright. Contact smokies@utk.edu for permission to reproduce images from the collection.," 	Kintner, Elgin P.",Photographer,"Elgin P. Kintner, M.D. Smoky Mountains Collection, 1950-2011",MS.3686,"University of Tennessee, Knoxville. Special Collections","Photography, Panoramic.","The panoramic images of Elgin P. Kintner, M.D.",http://digital.lib.utk.edu/collections/islandora/object/kintner%3A1/datastream/TN/view/View%20from%20Myrtle%20Point.jpg,kintner_1,kintner:1,10033-10034
http://digital.lib.utk.edu/collections/islandora/object/kintner%3A32,Great Smoky Mountains National Park (N.C. and Tenn.)--Pictorial works.,,Mount Le Conte,,,,uncaptioned,A view along Maddron Bald hike of Mt. Le Conte or Snag Mountain.,image,circa January 1975,View along Maddron Bald hike,photographs,Images in the collection are protected by copyright. Contact smokies@utk.edu for permission to reproduce images from the collection.," 	Kintner, Elgin P.",Photographer,"Elgin P. Kintner, M.D. Smoky Mountains Collection, 1950-2011",MS.3686,"University of Tennessee, Knoxville. Special Collections","Photography, Panoramic.","The panoramic images of Elgin P. Kintner, M.D.",http://digital.lib.utk.edu/collections/islandora/object/kintner%3A32/datastream/TN/view/View%20along%20Maddron%20Bald%20hike.jpg,kintner_32,kintner:32,7253-7254
http://digital.lib.utk.edu/collections/islandora/object/kintner%3A9,Great Smoky Mountains National Park (N.C. and Tenn.)--Pictorial works.,Cold Spring Knob,Rich Mountain,Sugarland Mountain,Annotated,,uncaptioned,Panorama taken looking East from the Rich Mountain Fire Tower with Sugarland Mountain on left and Cold Spring Knob on right. The fire tower is no longer standing.,image,"February 5, 1969",View from Rich Mountain ? Annotated,photographs,Images in the collection are protected by copyright. Contact smokies@utk.edu for permission to reproduce images from the collection.," 	Kintner, Elgin P.",Photographer,"Elgin P. Kintner, M.D. Smoky Mountains Collection, 1950-2011",MS.3686,"University of Tennessee, Knoxville. Special Collections","Photography, Panoramic.","The panoramic images of Elgin P. Kintner, M.D.",http://digital.lib.utk.edu/collections/islandora/object/kintner%3A9/datastream/TN/view/View%20from%20Rich%20Mountain%20%C2%96%20Annotated.jpg,kintner_9,kintner:9,1552-1553-annotated
http://digital.lib.utk.edu/collections/islandora/object/kintner%3A17,Great Smoky Mountains National Park (N.C. and Tenn.)--Pictorial works.,Thunderhead Mountain,High Rocks,Clingmans Dome,Annotated,,view from High Rocks.,"Panorama taken looking North from High Rocks Fire tower, which was removed in the 1980s, viewing Thunderhead on left and Clingmans Dome on right.",image,February 1973,View of Thunderhead and Clingmans Dome from High Rocks ? Annotated,photographs,Images in the collection are protected by copyright. Contact smokies@utk.edu for permission to reproduce images from the collection.," 	Kintner, Elgin P.",Photographer,"Elgin P. Kintner, M.D. Smoky Mountains Collection, 1950-2011",MS.3686,"University of Tennessee, Knoxville. Special Collections","Photography, Panoramic.","The panoramic images of Elgin P. Kintner, M.D.",http://digital.lib.utk.edu/collections/islandora/object/kintner%3A17/datastream/TN/view/View%20of%20Thunderhead%20and%20Clingmans%20Dome%20from%20High%20Rocks%20%C2%96%20Annotated.jpg,kintner_17,kintner:17,5113-5117-annotated
